seq,keys,vals,grp
1,Brand,apple,1
2,Category,watch,1
3,ModelName,ipad,1
4,Brand,apple,2
5,Category,watch,2
6,ModelName,series,2
7,ModelName,3,2
8,Brand,apple,3
9,Category,watch,3
10,ModelName,series,3
11,ModelName,2,3
12,Brand,apple,4
13,Category,laptop,4
14,Brand,apple,5
15,ModelName,homepod,5
16,Brand,apple,6
17,Category,watch,6
18,ModelName,series,6
19,ModelName,3,6
20,ScreenSize,42mm,6
21,Brand,apple,7
22,Category,tv,7
23,ModelName,iphone,7
24,ModelName,x,7
25,Category,airpods,7
26,O,wireless,7
27,ModelName,amiibo,7
28,Brand,amazon,8
29,ModelName,fire,8
30,ModelName,stick,8
31,O,all-in-one,8
32,Category,computers,8
33,Brand,arlo,9
34,ModelName,pro,9
35,Category,air,9
36,Category,fryer,9
37,ModelName,iphone,9
38,Brand,asus,10
39,Category,laptop,10
40,ModelName,ipad,10
41,ModelName,pro,10
42,ScreenSize,10.5,10
43,ScreenSize,inch,10
44,Category,antennas,10
45,Category,hdtv,10
46,Category,antenna,10
47,ModelName,alienware,10
48,Category,laptop,10
49,Brand,apple,11
50,Category,watch,11
51,ModelName,ipad,11
52,Brand,apple,12
53,Category,watch,12
54,ModelName,series,12
55,ModelName,3,12
56,Brand,apple,13
57,Category,watch,13
58,ModelName,series,13
59,ModelName,2,13
60,Brand,apple,14
61,Category,laptop,14
62,Brand,apple,15
63,Category,homepod,15
64,Brand,apple,16
65,Category,watch,16
66,ModelName,series,16
67,ModelName,3,16
68,ScreenSize,42mm,16
69,Brand,apple,17
70,Category,tv,17
71,ModelName,iphone,17
72,ModelName,x,17
73,Category,airpods,17
74,O,wireless,17
75,Brand,beats,18
76,ModelName,solo3,18
77,O,wireless,18
78,Brand,beats,19
79,O,wireless,19
80,O,bluetooth,19
81,Category,speakers,19
82,Brand,bose,20
83,O,wireless,20
84,Category,headphones,20
85,Category,blu-ray,20
86,O,bluetooth,20
87,Category,headphones,20
88,Brand,beats,21
89,ModelName,studio,21
90,O,wireless,21
91,Brand,beats,22
92,Category,headphones,22
93,Category,chromebook,22
94,Category,camera,22
95,ModelName,call,22
96,ModelName,of,22
97,ModelName,duty,22
98,O,world,22
99,O,war,22
100,O,2,22
101,Category,cell,22
102,Category,phones,22
103,Category,chromecast,22
104,Brand,canon,23
105,Category,camera,23
106,Category,computer,23
107,Category,computer,23
108,Category,monitors,23
109,ModelName,iphone,23
110,ModelName,x,23
111,Category,case,23
112,ModelName,call,23
113,ModelName,of,23
114,ModelName,duty,23
115,O,wwii,23
116,Category,desktop,23
117,Category,computers,23
118,Category,dishwasher,23
119,Brand,dell,24
120,Category,laptop,24
121,Category,dvd,24
122,Category,player,24
123,Category,drones,24
124,O,with,24
125,O,camera,24
126,Category,dryer,24
127,Brand,dyson,25
128,Category,vacuum,25
129,Brand,dell,26
130,ModelName,xps,26
131,ModelName,13,26
132,O,external,26
133,Category,hard,26
134,Category,drive,26
135,O,external,26
136,Category,hard,26
137,Category,drive,26
138,Brand,essential,27
139,Category,phone,27
140,Category,earbud,27
141,Category,headphones,27
142,ModelName,echo,27
143,ModelName,dot,27
144,O,ethernet,27
145,Category,cable,27
146,Category,earphones,27
147,ModelName,easystore,27
148,Storage,8tb,27
149,Category,refrigerator,27
150,Brand,fitbit,28
151,ModelName,fire,28
152,ModelName,stick,28
153,Brand,fingerlings,29
154,O,baby,29
155,O,monkeys,29
156,ModelName,xbox,29
157,ModelName,one,29
158,ModelName,x,29
159,Brand,fitbit,30
160,ModelName,charge,30
161,ModelName,2,30
162,Brand,fitbit,31
163,ModelName,ionic,31
164,Category,freezer,31
165,Brand,gopro,32
166,O,gaming,32
167,Category,laptop,32
168,Category,gaming,32
169,Category,desktop,32
170,ModelName,google,32
171,ModelName,home,32
172,Category,graphics,32
173,Category,card,32
174,Brand,google,33
175,ModelName,home,33
176,ModelName,mini,33
177,Category,gps,33
178,Category,navigation,33
179,Brand,google,34
180,Brand,pixel,35
181,O,2,35
182,Category,gps,35
183,O,for,35
184,O,cars,35
185,Category,television,35
186,Category,headphones,35
187,Brand,hp,36
188,Category,laptop,36
189,ModelName,horizon,36
190,ModelName,zero,36
191,ModelName,dawn,36
192,Category,hard,36
193,Category,drive,36
194,Brand,hp,37
195,ModelName,spectre,37
196,ModelName,x360,37
197,Category,home,37
198,Category,theater,37
199,O,system,37
200,ModelName,horizon,37
201,O,zero,37
202,O,dawn,37
203,O,ps4,37
204,Category,hoverboard,37
205,ModelName,ipad,37
206,ModelName,iphone,37
207,ModelName,x,37
208,ModelName,ipad,37
209,ModelName,pro,37
210,ScreenSize,10.5,37
211,ScreenSize,inch,37
212,ModelName,iphone,37
213,ModelName,x,37
214,Category,case,37
215,ModelName,ipad,37
216,ModelName,pro,37
217,ScreenSize,12.9,37
218,ScreenSize,inch,37
219,ModelName,iphone,37
220,ModelName,8,37
221,ModelName,iphone,37
222,ModelName,6,37
223,ModelName,ipad,37
224,ModelName,mini,37
225,ModelName,iphone,37
226,ModelName,7,37
227,ModelName,plus,37
228,Brand,apple,38
229,Category,watch,38
230,Brand,jbl,39
231,Category,bluetooth,39
232,Category,speaker,39
233,Brand,jaybird,40
234,Brand,jaybird,41
235,ModelName,x3,41
236,Brand,jbl,42
237,ModelName,charge,42
238,ModelName,3,42
239,Brand,jbl,43
240,O,wireless,43
241,Category,headphones,43
242,Brand,jaybird,44
243,ModelName,freedom,44
244,ModelName,f5,44
245,Brand,jaybird,45
246,ModelName,freedom,45
247,ModelName,just,45
248,ModelName,dance,45
249,ModelName,2018,45
250,Brand,jbl,46
251,ModelName,flip,46
252,ModelName,4,46
253,Category,bluetooth,46
254,Category,speaker,46
255,Brand,kitchenaid,47
256,Category,stand,47
257,Category,mixer,47
258,Brand,keurig,48
259,ModelName,kindle,48
260,ModelName,fire,48
261,Category,keyboard,48
262,O,4k,48
263,Category,tv,48
264,Brand,kitchenaid,49
265,Brand,klipsch,50
266,Category,speakers,50
267,O,kids,50
268,Category,tablets,50
269,Brand,sony,51
270,O,4k,51
271,Category,karaoke,51
272,Category,machine,51
273,Category,laptop,51
274,Category,laptops,51
275,O,under,51
276,Price,$300,51
277,Category,laptops,51
278,O,under,51
279,Price,$500,51
280,Brand,lenovo,52
281,Category,laptop,52
282,Brand,lg,53
283,Category,tv,53
284,Brand,laptops,54
285,O,under,54
286,Price,$200,54
287,Brand,logitech,55
288,Category,mouse,55
289,Brand,lenovo,56
290,ModelName,yoga,56
291,ModelName,720,56
292,Brand,lg,57
293,ModelName,oled,57
294,ModelName,65,57
295,ModelName,macbook,57
296,ModelName,pro,57
297,ModelName,macbook,57
298,ModelName,ipad,57
299,ModelName,mini,57
300,ModelName,macbook,57
301,ModelName,air,57
302,Category,monitor,57
303,Category,microwave,57
304,Category,micro,57
305,Category,sd,57
306,Category,cell,57
307,Category,phones,57
308,Category,microphone,57
309,O,mini,57
310,Category,refrigerators,57
311,Brand,nintendo,58
312,ModelName,switch,58
313,Brand,nintendo,59
314,ModelName,classic,59
315,ModelName,edition,59
316,ModelName,note8,59
317,Brand,nest,60
318,Category,thermostat,60
319,ModelName,nintendo,60
320,O,switch,60
321,Category,games,60
322,Brand,nintendo,61
323,Category,switch,61
324,Category,console,61
325,ModelName,need,61
326,ModelName,for,61
327,ModelName,speed,61
328,O,payback,61
329,Brand,nvidia,62
330,O,shield,62
331,Category,tv,62
332,ModelName,note8,62
333,O,unlocked,62
334,Brand,nintendo,63
335,ModelName,3ds,63
336,ModelName,xl,63
337,Category,console,63
338,ModelName,xbox,63
339,ModelName,one,63
340,ModelName,x,63
341,ModelName,xbox,63
342,ModelName,one,63
343,Brand,oculus,64
344,ModelName,rift,64
345,O,oled,64
346,Category,tv,64
347,O,over,64
348,O,the,64
349,O,range,64
350,Category,microwave,64
351,Brand,otterbox,65
352,Brand,onkyo,66
353,Category,receivers,66
354,ModelName,call,66
355,ModelName,of,66
356,ModelName,duty,66
357,ModelName,world,66
358,ModelName,war,66
359,ModelName,2,66
360,ModelName,playstation,66
361,ModelName,4,66
362,Category,projector,66
363,ModelName,iphone,66
364,ModelName,x,66
365,O,ps4,66
366,Category,games,66
367,ModelName,ipad,66
368,ModelName,macbook,66
369,ModelName,pro,66
370,ModelName,playstation,66
371,ModelName,ps4,66
372,Category,console,66
373,Category,printers,66
374,O,all,66
375,O,one,66
376,O,wireless,66
377,ModelName,ps4,66
378,ModelName,pro,66
379,ModelName,ipad,66
380,ModelName,pro,66
381,ScreenSize,10.5,66
382,ScreenSize,inch,66
383,O,qled,66
384,O,4k,66
385,Category,tv,66
386,O,qi,66
387,Category,wireless,66
388,Category,charging,66
389,O,qled,66
390,Brand,samsung,67
391,Category,smart,67
392,Category,tv,67
393,O,qi,67
394,Category,wireless,67
395,Category,charger,67
396,Brand,quicken,68
397,O,2018,68
398,Brand,quickbooks,69
399,ModelName,pro,69
400,ModelName,2018,69
401,Category,refrigerator,69
402,Brand,ring,70
403,O,video,70
404,Category,doorbell,70
405,Category,roku,70
406,Category,remote,70
407,Category,car,70
408,Category,starter,70
409,Category,router,70
410,Category,receiver,70
411,Brand,roku,71
412,Category,streaming,71
413,Category,stick,71
414,Category,refrigerators,71
415,O,with,71
416,O,french,71
417,O,doors,71
418,Brand,roku,72
419,Category,tv,72
420,Category,laptop,72
421,Brand,samsung,73
422,ModelName,galaxy,73
423,ModelName,s8,73
424,Category,soundbar,73
425,Brand,samsung,74
426,ModelName,galaxy,74
427,ModelName,s8,74
428,O,unlocked,74
429,Brand,samsung,75
430,ModelName,gear,75
431,ModelName,s3,75
432,Category,smartwatch,75
433,Brand,samsung,76
434,Category,tv,76
435,Brand,apple,77
436,Category,watch,77
437,ModelName,series,77
438,ModelName,3,77
439,Brand,apple,78
440,Category,watch,78
441,ModelName,series,78
442,ModelName,2,78
443,Brand,samsung,79
444,ModelName,galaxy,79
445,ModelName,s7,79
446,ModelName,edge,79
447,O,unlocked,79
448,Category,television,79
449,Category,tablets,79
450,Brand,xbox,80
451,ModelName,one,80
452,ModelName,x,80
453,ModelName,iphone,80
454,ModelName,x,80
455,Category,tv,80
456,Category,stands,80
457,Category,tv,80
458,Category,wall,80
459,Category,mount,80
460,Brand,apple,81
461,Category,watch,81
462,ModelName,series,81
463,ModelName,3,81
464,Category,laptop,81
465,Brand,apple,82
466,Category,watch,82
467,ModelName,series,82
468,ModelName,2,82
469,Category,tablets,82
470,O,under,82
471,Price,$100,82
472,O,unlocked,82
473,Category,cell,82
474,Category,phones,82
475,Category,usb,82
476,Category,flash,82
477,Category,drive,82
478,ModelName,uncharted,82
479,ModelName,lost,82
480,ModelName,legacy,82
481,Category,laptops,82
482,O,under,82
483,Price,$300,82
484,ModelName,wii,82
485,ModelName,u,82
486,Category,console,82
487,Brand,upright,83
488,Category,freezer,83
489,O,usb-c,83
490,O,to,83
491,Category,usb,83
492,Category,adapter,83
493,Category,universal,83
494,Category,remote,83
495,Category,vacuum,83
496,Brand,vizio,84
497,O,4k,84
498,Category,tv,84
499,Category,vacuum,84
500,Category,cleaners,84
501,Brand,vizio,85
502,Category,graphics,85
503,Category,card,85
504,Brand,verizon,86
505,Category,cell,86
506,Category,phones,86
507,Category,video,86
508,Category,camera,86
509,Brand,vizio,87
510,Category,soundbar,87
511,Brand,ring,88
512,Category,video,88
513,Category,doorbell,88
514,ModelName,ipad,88
515,ModelName,pro,88
516,ScreenSize,10.5,88
517,ScreenSize,inch,88
518,O,wireless,88
519,Category,headphones,88
520,O,wireless,88
521,Category,earbuds,88
522,Brand,apple,89
523,Category,watch,89
524,Brand,apple,90
525,Category,watch,90
526,ModelName,series,90
527,ModelName,3,90
528,Brand,apple,91
529,Category,watch,91
530,ModelName,series,91
531,ModelName,2,91
532,Category,washer,91
533,Category,dryer,91
534,O,combo,91
535,Category,wifi,91
536,Category,extender,91
537,Category,washer,91
538,Category,and,91
539,Category,dryer,91
540,Brand,beats,92
541,ModelName,solo3,92
542,O,wireless,92
543,ModelName,xbox,92
544,ModelName,one,92
545,ModelName,x,92
546,ModelName,xbox,92
547,ModelName,one,92
548,ModelName,iphone,92
549,O,x,92
550,Brand,xbox,93
551,ModelName,xbox,93
552,ModelName,one,93
553,O,controller,93
554,ModelName,xbox,93
555,ModelName,x,93
556,ModelName,xbox,93
557,ModelName,one,93
558,ModelName,x,93
559,O,scorpio,93
560,O,iphone,93
561,O,x,93
562,Category,case,93
563,ModelName,xbox,93
564,ModelName,one,93
565,O,games,93
566,ModelName,xbox,93
567,ModelName,one,93
568,ModelName,x,93
569,Category,console,93
570,Brand,yamaha,94
571,Category,receiver,94
572,ModelName,yoga,94
573,ModelName,920,94
574,ModelName,yoga,94
575,ModelName,720,94
576,Brand,yamaha,95
577,Category,soundbar,95
578,O,your,95
579,O,name,95
580,Category,blu-ray,95
581,ModelName,yoga,95
582,ModelName,910,95
583,ModelName,yeti,95
584,Category,microphone,95
585,Brand,yamaha,96
586,ModelName,yas,96
587,ModelName,207,96
588,Category,soundbar,96
589,ModelName,yoga,96
590,ModelName,710,96
591,Brand,zagg,97
592,ModelName,invisibleshield,97
593,O,glass,97
594,Brand,zagg,98
595,O,iphone,98
596,O,x,98
597,ModelName,horizon,98
598,ModelName,zero,98
599,ModelName,dawn,98
600,ModelName,zelda,98
601,O,nintendo,98
602,O,switch,98
603,Brand,moto,99
604,ModelName,z2,99
605,ModelName,force,99
606,Brand,zte,100
607,ModelName,blade,100
608,ModelName,spark,100
609,Brand,zte,101
610,ModelName,maven,101
611,ModelName,3,101
612,Brand,zte,102
613,ModelName,axon,102
614,ModelName,7,102
615,O,unlocked,102
616,Category,aa,102
617,Category,battery,102
618,Category,aaa,102
619,Category,battery,102
620,Category,aaaa,102
621,Category,battery,102
622,O,aa,102
623,Category,battery,102
624,Category,charger,102
625,Category,aaa,102
626,Category,rechargeable,102
627,Category,battery,102
628,O,aa,102
629,O,lithium,102
630,Category,rechargeable,102
631,Category,battery,102
632,Brand,aaxa,103
633,Category,projector,103
634,O,rechargeable,103
635,Category,aa,103
636,Category,battery,103
637,Category,ab,103
638,Category,switch,103
639,Brand,ableton,104
640,O,live,104
641,O,9,104
642,Brand,dyson,105
643,ModelName,v8,105
644,ModelName,absolute,105
645,Brand,ableton,106
646,ModelName,above,106
647,ModelName,the,106
648,ModelName,rim,106
649,ModelName,about,106
650,ModelName,time,106
651,O,blu-ray,106
652,Brand,acer,107
653,Category,chromebook,107
654,Brand,acer,108
655,Category,laptop,108
656,Category,ac,108
657,Category,adapter,108
658,Brand,acer,109
659,ModelName,aspire,109
660,ModelName,e15,109
661,O,action,109
662,Category,camera,109
663,Brand,acer,110
664,Category,monitor,110
665,Brand,acer,111
666,ModelName,predator,111
667,Category,laptop,111
668,Category,activity,111
669,Category,tracker,111
670,Brand,acer,112
671,Category,chromebook,112
672,ScreenSize,15,112
673,Category,accessories,112
674,O,for,112
675,ModelName,iphone,112
676,ModelName,7,112
677,Category,best,112
678,Category,buy,112
679,Brand,black,113
680,Brand,friday,114
681,Brand,ad,115
682,Category,adapter,115
683,Brand,adobe,116
684,ModelName,photoshop,116
685,Category,adapters,116
686,O,for,116
687,O,iphone,116
688,O,7,116
689,Category,adapter,116
690,O,for,116
691,O,macbook,116
692,O,pro,116
693,Brand,adobe,117
694,Brand,premiere,118
695,Category,adapters,118
696,O,and,118
697,Category,converters,118
698,Brand,adobe,119
699,ModelName,photoshop,119
700,ModelName,elements,119
701,ModelName,2018,119
702,Brand,aerosmith,120
703,ModelName,aegis,120
704,ModelName,3,120
705,Brand,aeon,121
706,Category,wall,121
707,Category,mount,121
708,Brand,aerosmith,122
709,Category,cd,122
710,Brand,aeroccino,123
711,Category,milk,123
712,Category,frother,123
713,Brand,aerosmith,124
714,O,vinyl,124
715,Brand,aeon,125
716,Category,projector,125
717,O,screen,125
718,ModelName,aesthetica,125
719,ModelName,of,125
720,ModelName,a,125
721,ModelName,rogue,125
722,ModelName,hero,125
723,ModelName,aeon,125
724,ModelName,flux,125
725,Brand,aftershokz,126
726,Category,headphones,126
727,Brand,aftershokz,127
728,ModelName,trekz,127
729,ModelName,titanium,127
730,Brand,afterglow,128
731,Category,headset,128
732,O,for,128
733,O,xbox,128
734,O,one,128
735,Brand,afterglow,129
736,Category,headset,129
737,Brand,after,130
738,Brand,shokz,131
739,Brand,afterglow,132
740,ModelName,ag,132
741,ModelName,9,132
742,Brand,aftershokz,133
743,O,afterglow,133
744,ModelName,xbox,133
745,ModelName,one,133
746,Category,controller,133
747,ModelName,af-p,133
748,ModelName,dx,133
749,Brand,nikkor,134
750,O,10-20mm,134
751,Brand,afterglow,135
752,Category,headset,135
753,ModelName,ps4,135
754,Brand,ag,136
755,O,9,136
756,O,wireless,136
757,Category,headset,136
758,ModelName,agents,136
759,ModelName,of,136
760,ModelName,mayhem,136
761,Brand,agitator,137
762,Category,washing,137
763,Category,machine,137
764,O,ag,137
765,O,9,137
766,ModelName,xbox,137
767,ModelName,one,137
768,Category,headset,137
769,O,wireless,137
770,ModelName,age,137
771,ModelName,of,137
772,ModelName,ultron,137
773,ModelName,age,137
774,ModelName,of,137
775,ModelName,empires,137
776,ModelName,age,137
777,ModelName,of,137
778,ModelName,adaline,137
779,ModelName,ahs,137
780,ModelName,roanoke,137
781,Brand,whirlpool,138
782,ModelName,wod93ec0ah,138
783,Brand,whirlpool,139
784,ModelName,wos92ec0ah,139
785,Brand,asus,140
786,ModelName,vx24ah,140
787,ModelName,ahbbp-401,140
788,ModelName,airpods,140
789,O,wireless,140
790,Category,air,140
791,Category,fryer,140
792,Category,airpods,140
793,Category,air,140
794,Category,purifier,140
795,ModelName,amiibo,140
796,Category,air,140
797,Category,pods,140
798,Category,air,140
799,Category,conditioners,140
800,ModelName,macbook,140
801,ModelName,air,140
802,ModelName,airport,140
803,ModelName,extreme,140
804,Category,airpods,140
805,Category,accessories,140
806,Brand,akg,141
807,Category,headphones,141
808,Brand,akai,142
809,Brand,akracing,143
810,Brand,akira,144
811,Category,blu-ray,144
812,Brand,akg,145
813,ModelName,n60,145
814,ModelName,nc,145
815,Brand,akg,146
816,O,wireless,146
817,ModelName,akiba's,146
818,ModelName,beat,146
819,Brand,akracing,147
820,Category,chair,147
821,ModelName,akame,147
822,ModelName,ga,147
823,ModelName,kill,147
824,Brand,akira,148
825,Category,all-in-one,148
826,Category,computers,148
827,ModelName,alienware,148
828,Category,laptop,148
829,ModelName,alexa,148
830,ModelName,echo,148
831,ModelName,alienware,148
832,Category,desktop,148
833,ModelName,alexa,148
834,ModelName,alienware,148
835,Category,alarm,148
836,Category,clock,148
837,Category,all-in-one,148
838,Category,printer,148
839,Category,all-in-one,148
840,Category,desktop,148
841,Brand,altec,149
842,Brand,lansing,150
843,Category,speakers,150
844,ModelName,amiibo,150
845,Brand,amazon,151
846,O,fire,151
847,O,stick,151
848,Brand,amazon,152
849,ModelName,echo,152
850,Brand,amazon,153
851,ModelName,fire,153
852,Category,tv,153
853,Brand,amazon,154
854,ModelName,fire,154
855,ScreenSize,"7""",154
856,Category,tablet,154
857,Brand,amazon,155
858,ModelName,fire,155
859,Category,tablet,155
860,Brand,amazon,156
861,ModelName,fire,156
862,ModelName,hd,156
863,ModelName,8,156
864,Category,amplifier,156
865,O,am,156
866,Category,fm,156
867,Category,radio,156
868,O,am-fm,156
869,Category,radios,156
870,O,antennas,156
871,Category,hdtv,156
872,Category,antenna,156
873,Category,antenna,156
874,O,android,156
875,Category,tv,156
876,Category,box,156
877,O,android,156
878,Category,tablet,156
879,Category,anti,156
880,Category,virus,156
881,O,software,156
882,O,android,156
883,Category,smartwatch,156
884,O,android,156
885,Category,phone,156
886,Brand,anki,157
887,Brand,overdrive,158
888,Category,anti-virus,158
889,Category,software,158
890,Brand,anker,159
891,Category,power,159
892,Brand,aoc,160
893,ScreenSize,"27""",160
894,Category,monitor,160
895,Brand,aoc,161
896,Category,monitor,161
897,Brand,aoc,162
898,O,21.5,162
899,Brand,aoc,163
900,O,4k,163
901,Category,monitor,163
902,Brand,aoc,164
903,ScreenSize,"24""",164
904,Category,monitor,164
905,Brand,aoc,165
906,ScreenSize,"21.5""",165
907,O,ips,165
908,O,led,165
909,Category,hd,165
910,Category,monitor,165
911,O,black,165
912,Brand,aoc,166
913,O,portable,166
914,Category,monitor,166
915,Brand,aoc,167
916,O,gaming,167
917,Category,monitor,167
918,Brand,aoc,168
919,ScreenSize,"23""",168
920,Category,monitor,168
921,Brand,aoc,169
922,ModelName,agon,169
923,Brand,apple,170
924,Category,watch,170
925,Brand,apple,171
926,Category,watch,171
927,ModelName,series,171
928,ModelName,3,171
929,Brand,apple,172
930,Category,watch,172
931,ModelName,series,172
932,ModelName,2,172
933,ModelName,ipad,172
934,Brand,apple,173
935,Category,laptop,173
936,Brand,apple,174
937,ModelName,homepod,174
938,Brand,apple,175
939,Category,watch,175
940,ModelName,series,175
941,ModelName,3,175
942,ScreenSize,42mm,175
943,Brand,apple,176
944,Category,tv,176
945,Brand,apple,177
946,Category,watch,177
947,ModelName,series,177
948,ModelName,1,177
949,Brand,apple,178
950,Category,watch,178
951,ModelName,series,178
952,ModelName,3,178
953,O,38mm,178
954,ModelName,aquabot,178
955,Category,aquarium,178
956,ModelName,aquarius,178
957,ModelName,season,178
958,ModelName,2,178
959,Brand,aquasana,179
960,Category,water,179
961,Category,filter,179
962,ModelName,aqua,179
963,ModelName,teen,179
964,ModelName,hunger,179
965,ModelName,force,179
966,O,aqua,179
967,Brand,bose,180
968,O,wireless,180
969,Category,headphones,180
970,ModelName,aquarius,180
971,Brand,arlo,181
972,ModelName,pro,181
973,Brand,arlo,182
974,ModelName,pro,182
975,ModelName,2,182
976,Brand,arlo,183
977,Category,security,183
978,Category,camera,183
979,Brand,arlo,184
980,Brand,arris,185
981,Category,cable,185
982,Category,modem,185
983,Brand,arris,186
984,O,cable,186
985,Category,modem,186
986,Category,router,186
987,Brand,arlo,187
988,O,q,187
989,Brand,arris,188
990,Category,surfboard,188
991,ModelName,sb6190,188
992,Brand,ark,189
993,O,survival,189
994,ModelName,evolved,189
995,ModelName,ps4,189
996,ModelName,arlo,189
997,ModelName,pro,189
998,O,security,189
999,Category,camera,189
1000,Brand,asus,190
1001,Category,laptop,190
1002,ModelName,assassins,190
1003,ModelName,creed,190
1004,ModelName,origins,190
1005,Brand,asus,191
1006,Category,2,191
1007,Category,in,191
1008,Category,1,191
1009,Category,laptop,191
1010,Brand,astro,192
1011,ModelName,a40,192
1012,Category,headset,192
1013,Brand,asus,193
1014,Category,monitor,193
1015,Brand,astro,194
1016,ModelName,a50,194
1017,O,wireless,194
1018,ModelName,assassin's,194
1019,ModelName,creed,194
1020,Brand,asus,195
1021,ModelName,zenbook,195
1022,ModelName,assassin's,195
1023,ModelName,creed,195
1024,ModelName,origins,195
1025,O,xbox,195
1026,O,one,195
1027,Brand,at&t,196
1028,Category,prepaid,196
1029,Category,phones,196
1030,Brand,at&t,197
1031,O,at&t,197
1032,Brand,zte,198
1033,ModelName,maven,198
1034,Brand,at&t,199
1035,ModelName,gophone,199
1036,ModelName,atomic,199
1037,O,blonde,199
1038,Brand,at&t,200
1039,Category,cell,200
1040,Category,phones,200
1041,ModelName,atomic,200
1042,ModelName,blonde,200
1043,ModelName,steelbook,200
1044,O,at&t,200
1045,O,prepaid,200
1046,ModelName,iphone,200
1047,Brand,at&t,201
1048,O,gophone,201
1049,ModelName,iphone,201
1050,Brand,audio-technica,202
1051,O,automatic,202
1052,Category,car,202
1053,Category,starter,202
1054,O,august,202
1055,Category,smart,202
1056,Category,lock,202
1057,Category,aux,202
1058,Category,cord,202
1059,O,audio,202
1060,Category,cable,202
1061,Category,audio,202
1062,Category,receiver,202
1063,Category,aux,202
1064,Category,cable,202
1065,O,for,202
1066,O,car,202
1067,Brand,audioquest,203
1068,Category,hdmi,203
1069,Category,cables,203
1070,O,aux,203
1071,Category,bluetooth,203
1072,Category,adapter,203
1073,Category,av,203
1074,Category,to,203
1075,Category,hdmi,203
1076,Category,av,203
1077,Category,cable,203
1078,O,av,203
1079,Category,adapter,203
1080,Category,av,203
1081,Category,receiver,203
1082,O,bluetooth,203
1083,O,av,203
1084,O,10,203
1085,O,pin,203
1086,O,to,203
1087,Category,rca,203
1088,Category,cable,203
1089,O,avatar,203
1090,Category,blu-ray,203
1091,Category,av,203
1092,Category,receivers,203
1093,O,with,203
1094,O,wifi,203
1095,Category,av,203
1096,Category,stand,203
1097,Brand,awolnation,204
1098,Brand,aw-650,205
1099,O,white,205
1100,ModelName,awakening,205
1101,ModelName,the,205
1102,ModelName,zodiac,205
1103,O,awg,205
1104,Category,power,205
1105,Category,cord,205
1106,ModelName,aw17r4-7000slv,205
1107,Category,awg,205
1108,Category,cable,205
1109,Brand,lowepro,206
1110,ModelName,protactic,206
1111,ModelName,450,206
1112,ModelName,aw,206
1113,ModelName,aw17r4,206
1114,ModelName,spirited,206
1115,ModelName,away,206
1116,ModelName,axon,206
1117,ModelName,7,206
1118,ModelName,axon,206
1119,ModelName,7,206
1120,ModelName,mini,206
1121,ModelName,axiom,206
1122,ModelName,verge,206
1123,O,switch,206
1124,Brand,axess,207
1125,Category,speaker,207
1126,ModelName,axon,207
1127,ModelName,7,207
1128,O,unlocked,207
1129,ModelName,axiom,207
1130,ModelName,verge,207
1131,O,multiverse,207
1132,O,edition,207
1133,Brand,axxess,208
1134,ModelName,aswc-1,208
1135,ModelName,axon,208
1136,Brand,zte,209
1137,ModelName,7,209
1138,Category,cell,209
1139,Category,phone,209
1140,ModelName,azure,209
1141,ModelName,striker,209
1142,ModelName,gunvolt,209
1143,ModelName,striker,209
1144,ModelName,pack,209
1145,Brand,azus,210
1146,Brand,azulle,211
1147,Category,mini,211
1148,Category,pc,211
1149,ModelName,azure,211
1150,Category,washer,211
1151,ModelName,azure,211
1152,O,blue,211
1153,Category,washer,211
1154,Category,backpack,211
1155,Category,battery,211
1156,Category,baby,211
1157,Category,monitor,211
1158,O,back,211
1159,O,up,211
1160,Category,camera,211
1161,ModelName,battlefront,211
1162,ModelName,2,211
1163,O,ps4,211
1164,Category,battery,211
1165,Category,pack,211
1166,Category,battery,211
1167,Category,backup,211
1168,O,backup,211
1169,Category,camera,211
1170,ModelName,battlefield,211
1171,ModelName,1,211
1172,ModelName,bb-8,211
1173,ModelName,droid,211
1174,ModelName,bb-9e,211
1175,Category,bbq,211
1176,Category,grills,211
1177,ModelName,bb,211
1178,ModelName,king,211
1179,Brand,sphero,212
1180,ModelName,bb-8,212
1181,Category,bbq,212
1182,Category,grill,212
1183,O,set,212
1184,ModelName,bc,212
1185,ModelName,30,212
1186,O,wireless,212
1187,O,back-up,212
1188,Category,camera,212
1189,ModelName,bc,212
1190,ModelName,30,212
1191,O,bc-trx,212
1192,Category,battery,212
1193,Category,charger,212
1194,Brand,garmin,213
1195,ModelName,bc,213
1196,ModelName,30,213
1197,ModelName,bcciv,213
1198,Brand,garmin,214
1199,ModelName,bc-30,214
1200,Brand,sony,215
1201,ModelName,gtkxb7bc,215
1202,ModelName,one,215
1203,ModelName,million,215
1204,ModelName,bc,215
1205,O,bdi,215
1206,Category,tv,215
1207,Category,stands,215
1208,O,bd-r,215
1209,Storage,50gb,215
1210,Brand,bd-re,216
1211,ModelName,bd-j5700,216
1212,O,bdi,216
1213,Category,furniture,216
1214,ModelName,bd-j6300,216
1215,Category,blu-ray,216
1216,Category,player,216
1217,ModelName,bd-j5700,216
1218,O,za,216
1219,Brand,beats,217
1220,ModelName,solo3,217
1221,O,wireless,217
1222,Brand,beats,218
1223,O,wireless,218
1224,Brand,beats,219
1225,O,studio,219
1226,O,wireless,219
1227,Brand,beats,220
1228,Category,headphones,220
1229,Brand,beats,221
1230,Brand,beats,222
1231,ModelName,solo,222
1232,ModelName,2,222
1233,O,wireless,222
1234,Brand,beats,223
1235,ModelName,studio,223
1236,ModelName,2,223
1237,Brand,beats,224
1238,ModelName,powerbeats,224
1239,ModelName,3,224
1240,Brand,beats,225
1241,ModelName,studio,225
1242,ModelName,3,225
1243,Brand,beats,226
1244,O,pill,226
1245,Category,speaker,226
1246,ModelName,bfg,226
1247,O,blu-ray,226
1248,ModelName,bfg,226
1249,Category,dvd,226
1250,ModelName,doom,226
1251,ModelName,3,226
1252,O,bfg,226
1253,O,edition,226
1254,O,the,226
1255,O,bfg,226
1256,Category,blu-ray,226
1257,ModelName,bg-e20,226
1258,ModelName,bg-e16,226
1259,Brand,canon,227
1260,ModelName,bg-e16,227
1261,Category,battery,227
1262,Category,grip,227
1263,Brand,canon,228
1264,ModelName,bg-e20,228
1265,Category,battery,228
1266,Category,grip,228
1267,ModelName,np-bg1,228
1268,O,np-bg1,228
1269,Category,battery,228
1270,Category,charger,228
1271,Brand,frigidaire,229
1272,ModelName,bggf3045rf,229
1273,Category,binoculars,229
1274,ModelName,big,229
1275,ModelName,bang,229
1276,ModelName,theory,229
1277,O,season,229
1278,O,10,229
1279,Brand,bissell,230
1280,Category,carpet,230
1281,Category,cleaner,230
1282,ModelName,bioshock,230
1283,ModelName,the,230
1284,ModelName,collection,230
1285,Brand,bissell,231
1286,Brand,crosswave,232
1287,Brand,bissell,233
1288,Category,vacuum,233
1289,Brand,fitbit,234
1290,ModelName,big,234
1291,ModelName,krit,234
1292,Category,bike,234
1293,ModelName,bje200xl,234
1294,O,best,234
1295,O,of,234
1296,O,b.j.,234
1297,O,thomas,234
1298,Category,cd,234
1299,ModelName,lc,234
1300,ModelName,71,234
1301,ModelName,bk,234
1302,ModelName,tn221bk,234
1303,ModelName,lc101bk,234
1304,ModelName,lc203bk,234
1305,ModelName,lc103bk,234
1306,ModelName,lc61bk,234
1307,Brand,brother,235
1308,ModelName,lc103bk,235
1309,Brand,brother,236
1310,ModelName,lc203bk,236
1311,ModelName,ns-cf26bk6,236
1312,ModelName,lc75bk,236
1313,O,bluetooth,236
1314,Category,speakers,236
1315,Category,blu-ray,236
1316,Category,bluetooth,236
1317,Category,headphones,236
1318,O,bluetooth,236
1319,Category,headset,236
1320,Category,bluetooth,236
1321,Category,earbuds,236
1322,O,bluetooth,236
1323,Category,adapter,236
1324,Category,bluetooth,236
1325,Category,transmitter,236
1326,Brand,acer,237
1327,ModelName,aspire,237
1328,ModelName,e,237
1329,ModelName,15,237
1330,ModelName,e5-575-33,237
1331,ModelName,bm,237
1332,Brand,bmw,238
1333,Category,installation,238
1334,Category,kit,238
1335,Category,bmi,238
1336,Category,scale,238
1337,Brand,bmw,239
1338,ModelName,3,239
1339,ModelName,series,239
1340,Category,bmw,239
1341,Category,radio,239
1342,O,replacement,239
1343,O,bmw,239
1344,Category,dash,239
1345,Category,kit,239
1346,ModelName,bmx,239
1347,ModelName,bandits,239
1348,O,bmw,239
1349,Category,installation,239
1350,Category,kit,239
1351,O,3,239
1352,O,series,239
1353,O,bmw,239
1354,Category,radio,239
1355,Category,kit,239
1356,Category,bnc,239
1357,Category,cable,239
1358,Category,bnc,239
1359,Category,adapter,239
1360,O,bnc,239
1361,Category,connectors,239
1362,Category,bnc,239
1363,Category,coupler,239
1364,Category,bnc,239
1365,Category,extension,239
1366,Category,cable,239
1367,Category,bnc,239
1368,O,camera,239
1369,Category,cables,239
1370,Brand,bnc,240
1371,O,camera,240
1372,ModelName,np-bn1,240
1373,Category,bnc,240
1374,Category,extension,240
1375,Brand,bose,241
1376,O,wireless,241
1377,Category,headphones,241
1378,Brand,bose,242
1379,Category,speakers,242
1380,Brand,bose,243
1381,Category,headphones,243
1382,O,bose,243
1383,O,bluetooth,243
1384,O,speaker,243
1385,Brand,boost,244
1386,Category,mobile,244
1387,Category,cell,244
1388,Category,phones,244
1389,Brand,bose,245
1390,Brand,bose,246
1391,Category,soundbar,246
1392,Brand,bosch,247
1393,Category,dishwasher,247
1394,Brand,bose,248
1395,ModelName,quietcomfort,248
1396,ModelName,35,248
1397,Brand,bose,249
1398,Category,home,249
1399,Category,theater,249
1400,O,system,249
1401,Category,bp,249
1402,Category,monitor,249
1403,ModelName,bp,249
1404,ModelName,9080,249
1405,ModelName,bp-511,249
1406,Brand,canon,250
1407,Category,battery,250
1408,ModelName,bp-808,250
1409,Category,battery,250
1410,ModelName,bp-718,250
1411,ModelName,bp9060,250
1412,Brand,lowepro,251
1413,ModelName,fastpack,251
1414,ModelName,bp,251
1415,ModelName,250,251
1416,ModelName,aw,251
1417,ModelName,ii,251
1418,Brand,lg,252
1419,ModelName,bp,252
1420,ModelName,350,252
1421,Brand,canon,253
1422,ModelName,bp-718,253
1423,Category,battery,253
1424,Brand,evga,254
1425,O,850w,254
1426,O,modular,254
1427,O,bq,254
1428,Category,power,254
1429,Category,supply,254
1430,ModelName,15m-bq021dx,254
1431,Brand,brother,255
1432,Category,printer,255
1433,Brand,breville,256
1434,Category,toaster,256
1435,Category,oven,256
1436,ModelName,breath,256
1437,ModelName,of,256
1438,ModelName,the,256
1439,ModelName,wild,256
1440,ModelName,amiibo,256
1441,Brand,brother,257
1442,Category,laser,257
1443,Category,printer,257
1444,Brand,breville,258
1445,ModelName,smart,258
1446,ModelName,oven,258
1447,ModelName,air,258
1448,Brand,breville,259
1449,Category,bread,259
1450,Category,maker,259
1451,Brand,bragi,260
1452,ModelName,dash,260
1453,ModelName,pro,260
1454,ModelName,bs015dx,260
1455,Brand,sony,261
1456,ModelName,xb50bs,261
1457,O,extra,261
1458,O,bass,261
1459,Brand,sony,262
1460,ModelName,xb50bs,262
1461,O,wireless,262
1462,Category,headphones,262
1463,Brand,whirlpool,263
1464,ModelName,wfg505m0bs,263
1465,Brand,sony,264
1466,ModelName,xb80bs,264
1467,ModelName,rf-2w1b-sp,264
1468,ModelName,wfg320m0bs,264
1469,ModelName,xb50bs,264
1470,ModelName,xb80bs,264
1471,ModelName,gua2600bst,264
1472,O,bt,264
1473,Category,headphones,264
1474,Category,bt,264
1475,Category,transmitter,264
1476,O,bt,264
1477,Category,headset,264
1478,O,bt,264
1479,Category,earbuds,264
1480,O,bt,264
1481,Category,speakers,264
1482,Brand,jbl,265
1483,ModelName,reflect,265
1484,ModelName,mini,265
1485,ModelName,bt,265
1486,ModelName,bt-300,265
1487,Brand,razer,266
1488,ModelName,hammerhead,266
1489,ModelName,bt,266
1490,O,built,266
1491,O,in,266
1492,Category,oven,266
1493,ModelName,xbox,266
1494,ModelName,one,266
1495,ModelName,s,266
1496,O,1tb,266
1497,O,bundle,266
1498,O,built,266
1499,O,in,266
1500,Category,wine,266
1501,Category,cooler,266
1502,Brand,bunn,267
1503,Category,coffee,267
1504,Category,makers,267
1505,ModelName,bvmc-pstx91,267
1506,Brand,bw,268
1507,Category,speakers,268
1508,Brand,b&w,269
1509,Category,speakers,269
1510,Brand,b&w,270
1511,Category,headphones,270
1512,Brand,b&w,271
1513,ModelName,685,271
1514,ModelName,s2,271
1515,Brand,b&w,272
1516,ModelName,702,272
1517,ModelName,s2,272
1518,Brand,b&w,273
1519,Category,subwoofer,273
1520,Brand,b&w,274
1521,ModelName,700,274
1522,O,series,274
1523,Brand,b&w,275
1524,O,center,275
1525,Category,speaker,275
1526,Brand,b&w,276
1527,ModelName,px,276
1528,O,b&w,276
1529,ModelName,m1,276
1530,ModelName,bxt1,276
1531,ModelName,np-bx1,276
1532,Category,battery,276
1533,Brand,sony,277
1534,O,np-bx1,277
1535,ModelName,bxf130,277
1536,Brand,beats,278
1537,Brand,by,279
1538,Brand,dre,280
1539,Category,refrigerator,280
1540,O,side-by-side,280
1541,O,side,280
1542,O,by,280
1543,O,side,280
1544,Category,refrigerator,280
1545,Brand,bytten,281
1546,ModelName,stacks,281
1547,Brand,beats,282
1548,Brand,by,283
1549,Brand,dr.,284
1550,Brand,dre,285
1551,ModelName,studio,285
1552,ModelName,2,285
1553,Brand,beats,286
1554,Brand,by,287
1555,Brand,dre,288
1556,ModelName,beats,288
1557,ModelName,x,288
1558,Brand,beats,289
1559,Brand,by,290
1560,Brand,dre,291
1561,ModelName,studio,291
1562,O,wireless,291
1563,Category,camera,291
1564,Brand,canon,292
1565,Category,camera,292
1566,ModelName,call,292
1567,ModelName,of,292
1568,ModelName,duty,292
1569,O,wwii,292
1570,Category,car,292
1571,Category,stereo,292
1572,ModelName,iphone,292
1573,ModelName,x,292
1574,Category,case,292
1575,Category,car,292
1576,Category,stereo,292
1577,O,with,292
1578,O,bluetooth,292
1579,O,video,292
1580,Category,camera,292
1581,Brand,canon,293
1582,ModelName,g7x,293
1583,ModelName,mark,293
1584,ModelName,ii,293
1585,Category,cb,293
1586,Category,radio,293
1587,O,cb,293
1588,Category,radio,293
1589,Category,antenna,293
1590,Category,cb,293
1591,Category,radio,293
1592,O,kit,293
1593,Category,cb,293
1594,Category,antenna,293
1595,O,cb,293
1596,Category,antenna,293
1597,Category,mount,293
1598,O,cb,293
1599,Category,antenna,293
1600,Category,kit,293
1601,Category,cb,293
1602,Category,antenna,293
1603,Category,wire,293
1604,O,cb,293
1605,Category,radio,293
1606,Category,mount,293
1607,ModelName,cb5-132t-c9kk,293
1608,O,cctv,293
1609,Category,security,293
1610,Category,cameras,293
1611,Category,cctv,293
1612,O,system,293
1613,Category,cctv,293
1614,Category,camera,293
1615,O,cctv,293
1616,Category,monitor,293
1617,Category,cctv,293
1618,Category,cable,293
1619,Category,cctv,293
1620,ModelName,ccm,293
1621,ModelName,683,293
1622,ModelName,ccm664,293
1623,ModelName,ccm663,293
1624,Category,cd,293
1625,Category,player,293
1626,Category,cd,293
1627,Category,player,293
1628,O,with,293
1629,O,speakers,293
1630,Category,cd,293
1631,Category,player,293
1632,O,and,293
1633,Category,radio,293
1634,Category,cd,293
1635,Category,player,293
1636,O,with,293
1637,O,bluetooth,293
1638,Category,cd,293
1639,Category,drive,293
1640,Category,cd,293
1641,Category,players,293
1642,O,and,293
1643,Category,tuners,293
1644,Category,cd,293
1645,Category,burner,293
1646,Category,cd-r,293
1647,Category,cd-rom,293
1648,Category,drive,293
1649,Category,cell,293
1650,Category,phones,293
1651,Category,cell,293
1652,Category,phones,293
1653,O,with,293
1654,O,no,293
1655,O,contract,293
1656,O,unlocked,293
1657,Category,cell,293
1658,Category,phones,293
1659,O,cell,293
1660,O,phone,293
1661,Category,signal,293
1662,Category,booster,293
1663,O,ceiling,293
1664,Category,speakers,293
1665,O,cell,293
1666,Category,phone,293
1667,Category,accessories,293
1668,Category,cell,293
1669,Category,phones,293
1670,O,for,293
1671,O,t-mobile,293
1672,Category,cell,293
1673,Category,phone,293
1674,O,car,293
1675,Category,mount,293
1676,Category,cell,293
1677,Category,phones,293
1678,O,no,293
1679,O,contract,293
1680,O,unlocked,293
1681,O,cf,293
1682,Category,memory,293
1683,Category,card,293
1684,Category,cf,293
1685,Category,card,293
1686,Category,cf,293
1687,Category,card,293
1688,Category,reader,293
1689,O,cf,293
1690,Category,memory,293
1691,Category,card,293
1692,Category,reader,293
1693,O,cf,293
1694,Category,card,293
1695,Category,adapter,293
1696,ModelName,cfast,293
1697,ModelName,2,293
1698,O,card,293
1699,Category,cf,293
1700,Category,reader,293
1701,O,cfast,293
1702,Category,memory,293
1703,Category,card,293
1704,ModelName,cfast,293
1705,Storage,128gb,293
1706,ModelName,cf391,293
1707,O,curved,293
1708,Category,led,293
1709,Category,monitor,293
1710,ModelName,mc17j8000cg,293
1711,ModelName,mc11k7035cg,293
1712,ModelName,cgs-5020,293
1713,Brand,whirlpool,294
1714,ModelName,w3cg3014xs,294
1715,Brand,whirlpool,295
1716,ModelName,w3cg3014xb,295
1717,Category,chromebook,295
1718,ModelName,chromecast,295
1719,O,chest,295
1720,Category,freezer,295
1721,ModelName,chromecast,295
1722,ModelName,2,295
1723,Category,charger,295
1724,O,for,295
1725,ModelName,iphone,295
1726,Category,chromebook,295
1727,Category,laptop,295
1728,Brand,chefman,296
1729,Category,air,296
1730,Category,fryer,296
1731,O,champion,296
1732,ModelName,amiibo,296
1733,ModelName,chromecast,296
1734,ModelName,ultra,296
1735,ModelName,cintiq,296
1736,O,cinnamon,296
1737,Category,hdmi,296
1738,O,circle,296
1739,O,by,296
1740,Brand,disney,297
1741,O,cinderella,297
1742,Category,dvd,297
1743,ModelName,circle,297
1744,ModelName,2,297
1745,Brand,cisco,298
1746,ModelName,cities,298
1747,ModelName,skylines,298
1748,ModelName,wt1901ck,298
1749,Brand,lg,299
1750,ModelName,wd100ck,299
1751,Brand,lg,300
1752,ModelName,wt1901ck,300
1753,Category,clock,300
1754,Category,radio,300
1755,ModelName,super,300
1756,ModelName,nintendo,300
1757,ModelName,classic,300
1758,Brand,nintendo,301
1759,ModelName,classic,301
1760,ModelName,edition,301
1761,Category,vacuum,301
1762,Category,cleaners,301
1763,Category,clothes,301
1764,Category,dryer,301
1765,O,clock,301
1766,O,radio,301
1767,O,with,301
1768,Category,cd,301
1769,Category,player,301
1770,O,cm,301
1771,O,700,301
1772,Category,modem,301
1773,ModelName,cm,301
1774,ModelName,storm,301
1775,ModelName,cm,301
1776,ModelName,4550,301
1777,ModelName,cm1000,301
1778,Category,cmos,301
1779,Category,battery,301
1780,ModelName,cm600,301
1781,ModelName,cm10,301
1782,ModelName,cm500,301
1783,Brand,cnco,302
1784,Category,computer,302
1785,O,computer,302
1786,Category,monitors,302
1787,Category,coffee,302
1788,Category,makers,302
1789,O,counter,302
1790,O,depth,302
1791,Category,refrigerator,302
1792,O,computer,302
1793,Category,speakers,302
1794,Category,desktop,302
1795,Category,computers,302
1796,Category,cordless,302
1797,Category,home,302
1798,Category,phones,302
1799,O,computer,302
1800,Category,desk,302
1801,Brand,corsair,303
1802,Category,keyboard,303
1803,Category,cooktop,303
1804,Category,cpu,303
1805,Category,cooler,303
1806,Category,cpu,303
1807,Category,processor,303
1808,Category,cpu,303
1809,Category,cooling,303
1810,Category,fan,303
1811,Category,cpu,303
1812,Category,fan,303
1813,Category,cpu,303
1814,Category,fan,303
1815,O,&,303
1816,O,heatsink,303
1817,Category,computer,303
1818,Category,processor,303
1819,Category,cpu,303
1820,O,water,303
1821,Category,cooler,303
1822,Category,cpu,303
1823,O,pc,303
1824,Category,kontrolfreek,303
1825,Category,cqc,303
1826,ModelName,chromecast,303
1827,O,cricket,303
1828,Category,wireless,303
1829,Category,phones,303
1830,Brand,crock,304
1831,Brand,pot,305
1832,O,cricket,305
1833,Category,cell,305
1834,Category,phones,305
1835,ModelName,crash,305
1836,ModelName,bandicoot,305
1837,O,cricket,305
1838,Category,sim,305
1839,Category,card,305
1840,ModelName,cr,305
1841,ModelName,2032,305
1842,Category,battery,305
1843,ModelName,cs,305
1844,ModelName,go,305
1845,ModelName,csi,305
1846,O,crime,305
1847,O,scene,305
1848,O,investigation,305
1849,ModelName,cs,305
1850,ModelName,9080,305
1851,ModelName,csr,305
1852,O,audio,305
1853,ModelName,csi,305
1854,O,complete,305
1855,O,series,305
1856,ModelName,cs-9060,305
1857,ModelName,csi,305
1858,O,final,305
1859,O,season,305
1860,O,usb,305
1861,O,type,305
1862,Category,c-to-usb,305
1863,O,type,305
1864,O,c,305
1865,O,usb,305
1866,O,type,305
1867,O,c-to-micro,305
1868,Category,usb,305
1869,Category,adapter,305
1870,ModelName,ctl490dw,305
1871,Category,usb,305
1872,Category,type,305
1873,Category,c-to-usb,305
1874,Category,type,305
1875,Category,a,305
1876,ModelName,mg11h2020ct,305
1877,O,curved,305
1878,Category,tv,305
1879,O,curved,305
1880,Category,monitor,305
1881,O,curve,305
1882,Category,tv,305
1883,O,cuphead,305
1884,ModelName,xbox,305
1885,ModelName,one,305
1886,Brand,cuisinart,306
1887,Category,coffee,306
1888,Category,maker,306
1889,O,curved,306
1890,Category,gaming,306
1891,Category,monitor,306
1892,Brand,cuisinart,307
1893,ModelName,wd100cv,307
1894,Brand,lg,308
1895,ModelName,wd200cv,308
1896,Brand,dell,309
1897,O,cvxgf,309
1898,Category,toner,309
1899,Category,cartridge,309
1900,O,black,309
1901,ModelName,cwm663,309
1902,ModelName,wm3270cw,309
1903,ModelName,wt7200cw,309
1904,Brand,lg,310
1905,ModelName,wt7200cw,310
1906,Brand,lg,311
1907,ModelName,wt7500cw,311
1908,Brand,lg,312
1909,ModelName,wt1501cw,312
1910,Brand,lg,313
1911,ModelName,wm3270cw,313
1912,ModelName,wt1501cw,313
1913,ModelName,wt7500cw,313
1914,O,cx,313
1915,Category,amplifier,313
1916,ModelName,cx750m,313
1917,ModelName,cxa,313
1918,ModelName,600,313
1919,ModelName,ti-nspire,313
1920,ModelName,cx,313
1921,ModelName,cx675,313
1922,ModelName,cx440,313
1923,Brand,texas,314
1924,Brand,instruments,315
1925,ModelName,ti-nspire,315
1926,ModelName,cx,315
1927,Brand,activeon,316
1928,ModelName,cx,316
1929,O,hd,316
1930,O,action,316
1931,Category,camera,316
1932,Brand,kicker,317
1933,ModelName,cx,317
1934,ModelName,1200,317
1935,Brand,sennheiser,318
1936,ModelName,cx,318
1937,ModelName,2.00g,318
1938,Brand,cyber,319
1939,Brand,power,320
1940,Brand,pc,321
1941,ModelName,cyberpower,321
1942,ModelName,pc,321
1943,Brand,cyberpowerpc,322
1944,Category,desktop,322
1945,O,gaming,322
1946,Category,pc,322
1947,Brand,cyberpowerpc,323
1948,Brand,cybertron,324
1949,Category,pc,324
1950,Brand,cyberpower,325
1951,Category,battery,325
1952,Category,backup,325
1953,Brand,cyberpower,326
1954,Brand,cyber,327
1955,Brand,power,328
1956,Category,ups,328
1957,Category,dash,328
1958,Category,cam,328
1959,O,dash,328
1960,Category,camera,328
1961,ModelName,horizon,328
1962,ModelName,zero,328
1963,ModelName,dawn,328
1964,Category,dash,328
1965,Category,cam,328
1966,O,front,328
1967,O,and,328
1968,O,rear,328
1969,ModelName,horizon,328
1970,ModelName,zero,328
1971,ModelName,dawn,328
1972,O,ps4,328
1973,Category,dash,328
1974,Category,cam,328
1975,O,for,328
1976,O,car,328
1977,Brand,dc,329
1978,Brand,universe,330
1979,O,10th,330
1980,Brand,dc,331
1981,O,10th,331
1982,O,anniversary,331
1983,O,dc,331
1984,O,to,331
1985,O,ac,331
1986,Category,power,331
1987,Category,inverter,331
1988,O,dc,331
1989,Category,power,331
1990,Category,supply,331
1991,Category,dc,331
1992,Category,adapter,331
1993,Category,dc,331
1994,O,5v,331
1995,Category,charger,331
1996,Brand,dc,332
1997,O,4k,332
1998,O,collection,332
1999,Category,ddr4,332
2000,Category,memory,332
2001,Category,ddr3,332
2002,Category,ram,332
2003,O,ddr4,332
2004,Category,ram,332
2005,Category,ddr3,332
2006,Category,ram,332
2007,O,for,332
2008,O,laptop,332
2009,Category,ddr3,332
2010,Category,ddr3,332
2011,O,desktop,332
2012,Category,ram,332
2013,Category,ddr4,332
2014,Category,ddr4,332
2015,O,2400,332
2016,Category,ram,332
2017,RAM,ddr4,332
2018,O,ram,332
2019,Category,laptop,332
2020,Category,ddr3l,332
2021,O,laptop,332
2022,Category,memory,332
2023,ModelName,08g-p4-6173-kb,332
2024,O,120hz,332
2025,O,led,332
2026,Category,tv,332
2027,O,4k,332
2028,Category,tv,332
2029,O,50ft,332
2030,Category,ethernet,332
2031,Category,cable,332
2032,O,aa,332
2033,O,aaa,332
2034,Category,battery,332
2035,Category,charger,332
2036,Category,aaa,332
2037,Category,battery,332
2038,Brand,aaxa,333
2039,Category,projector,333
2040,ModelName,ableton,333
2041,Brand,acer,334
2042,Category,laptop,334
2043,Brand,acer,335
2044,ModelName,predator,335
2045,Category,laptop,335
2046,Category,action,335
2047,Category,camera,335
2048,Category,adapter,335
2049,O,for,335
2050,O,macbook,335
2051,O,pro,335
2052,Brand,adobe,336
2053,ModelName,photoshop,336
2054,ModelName,elements,336
2055,ModelName,2018,336
2056,Brand,afterglow,337
2057,Category,headset,337
2058,O,for,337
2059,O,xbox,337
2060,O,one,337
2061,ModelName,afterglow,337
2062,O,xbox,337
2063,O,one,337
2064,O,controller,337
2065,Category,air,337
2066,Category,pods,337
2067,Category,airpods,337
2068,ModelName,alexa,337
2069,Brand,amazon,338
2070,ModelName,echo,338
2071,O,amazon,338
2072,O,fire,338
2073,O,"7""",338
2074,Category,tablet,338
2075,Brand,amazon,339
2076,ModelName,fire,339
2077,ModelName,hd,339
2078,ModelName,8,339
2079,Category,amplifier,339
2080,O,antennas,339
2081,Category,hdtv,339
2082,Category,antenna,339
2083,Brand,apple,340
2084,Category,tv,340
2085,Brand,apple,341
2086,Category,watch,341
2087,ModelName,series,341
2088,ModelName,2,341
2089,O,38mm,341
2090,Brand,aquabot,342
2091,Brand,aquasana,343
2092,Category,water,343
2093,Category,filter,343
2094,Brand,arlo,344
2095,O,q,344
2096,Category,assassin's,344
2097,Brand,creed,345
2098,Brand,astro,346
2099,ModelName,a40,346
2100,Category,headset,346
2101,Brand,asus,347
2102,Category,chromebook,347
2103,ModelName,flip,347
2104,ModelName,c302ca-dhm4,347
2105,Brand,asus,348
2106,Category,laptop,348
2107,Brand,asus,349
2108,Category,monitor,349
2109,O,144hz,349
2110,Brand,asus,350
2111,ModelName,vx24ah,350
2112,Brand,at&t,351
2113,Brand,at&t,352
2114,ModelName,gophone,352
2115,O,at&t,352
2116,O,prepaid,352
2117,Category,phones,352
2118,Category,audio,352
2119,Category,receiver,352
2120,Brand,audioquest,353
2121,Category,hdmi,353
2122,Category,cables,353
2123,Category,av,353
2124,Category,cable,353
2125,ModelName,av,353
2126,ModelName,receivers,353
2127,Brand,with,354
2128,Brand,wifi,355
2129,RAM,awolnation,355
2130,Brand,b&w,356
2131,Category,headphones,356
2132,Category,battery,356
2133,Category,battery,356
2134,O,pack,356
2135,ModelName,bd-j5700,356
2136,O,bdi,356
2137,Category,tv,356
2138,Category,stands,356
2139,Brand,beats,357
2140,O,by,357
2141,O,dr.,357
2142,O,dre,357
2143,O,studio,357
2144,O,2,357
2145,Brand,beats,358
2146,O,ep,358
2147,Category,headphones,358
2148,Brand,beats,359
2149,ModelName,solo,359
2150,ModelName,2,359
2151,O,wireless,359
2152,Category,binoculars,359
2153,O,bioshock,359
2154,ModelName,the,359
2155,O,collection,359
2156,Brand,bissell,360
2157,Category,carpet,360
2158,Category,cleaner,360
2159,Category,blu-ray,360
2160,O,bluetooth,360
2161,Category,headset,360
2162,Category,bluetooth,360
2163,Category,transmitter,360
2164,O,bmw,360
2165,Category,dash,360
2166,Category,kit,360
2167,O,bnc,360
2168,Category,camera,360
2169,ModelName,bnc,360
2170,ModelName,coupler,360
2171,Brand,bose,361
2172,ModelName,soundbar,361
2173,O,bt,361
2174,Category,earbuds,361
2175,Category,bt,361
2176,Category,speakers,361
2177,ModelName,call,361
2178,ModelName,of,361
2179,ModelName,duty,361
2180,ModelName,world,361
2181,ModelName,war,361
2182,ModelName,2,361
2183,Brand,canon,362
2184,ModelName,bg-e20,362
2185,Category,battery,362
2186,Category,grip,362
2187,Brand,canon,363
2188,ModelName,sx730,363
2189,ModelName,hs,363
2190,Brand,canon,364
2191,ModelName,vixia,364
2192,ModelName,hf,364
2193,ModelName,r82,364
2194,Category,car,364
2195,Category,stereo,364
2196,O,with,364
2197,O,bluetooth,364
2198,ModelName,cb3-431-c5ex,364
2199,Category,cctv,364
2200,Category,camera,364
2201,Category,cctv,364
2202,Category,security,364
2203,Category,cameras,364
2204,Category,cd,364
2205,Category,player,364
2206,O,with,364
2207,Category,speakers,364
2208,Category,cell,364
2209,Category,phone,364
2210,O,accessories,364
2211,Category,cell,364
2212,Category,phone,364
2213,Category,car,364
2214,Category,mount,364
2215,Category,cell,364
2216,Category,phones,364
2217,O,for,364
2218,O,t-mobile,364
2219,Category,cf,364
2220,Category,memory,364
2221,Category,card,364
2222,Category,charger,364
2223,O,for,364
2224,O,iphone,364
2225,Brand,chefman,365
2226,Category,air,365
2227,Category,fryer,365
2228,ModelName,cm600,365
2229,Category,cpu,365
2230,O,water,365
2231,Category,cooler,365
2232,ModelName,cs-9060,365
2233,O,curve,365
2234,Category,tv,365
2235,Category,cx675,365
2236,Price,cxa,365
2237,Price,600,365
2238,O,dc,365
2239,ModelName,adapter,365
2240,Category,ddr4,365
2241,Category,ram,365
2242,O,laptop,365
2243,Brand,dell,366
2244,Category,gaming,366
2245,ModelName,s2417dg,366
2246,Brand,dell,367
2247,ModelName,s2417dg,367
2248,Brand,dell,368
2249,ModelName,xps,368
2250,ScreenSize,15,368
2251,Category,digital,368
2252,Category,camera,368
2253,O,dlp,368
2254,Category,projector,368
2255,O,1080p,368
2256,ModelName,dmp-ub900,368
2257,O,dp,368
2258,Category,cable,368
2259,Category,adapter,368
2260,Category,dryer,368
2261,O,dual,368
2262,Category,monitor,368
2263,Category,stand,368
2264,ModelName,dv42h5000ew,368
2265,Category,dvd,368
2266,Category,and,368
2267,Category,blu-ray,368
2268,Category,player,368
2269,Category,dvd,368
2270,Category,movies,368
2271,Category,dvr,368
2272,Category,recorder,368
2273,Brand,dvr,369
2274,O,tv,369
2275,Category,recorders,369
2276,ModelName,dw80m9550us,369
2277,O,dyson,369
2278,ScreenSize,vacuum,369
2279,O,ebay,369
2280,ModelName,gift,369
2281,O,cards,369
2282,Category,ebike,369
2283,Brand,eero,370
2284,ModelName,pro,370
2285,O,ef-s,370
2286,ModelName,18-55mm,370
2287,O,is,370
2288,O,stm,370
2289,O,lens,370
2290,ModelName,egyptian,370
2291,ScreenSize,lover,370
2292,Category,either,370
2293,Category,net,370
2294,Category,cable,370
2295,Category,electric,370
2296,Category,dryer,370
2297,O,en-el,370
2298,O,14a,370
2299,Category,battery,370
2300,Brand,nikon,371
2301,ModelName,envy,371
2302,ModelName,x360,371
2303,Brand,epson,372
2304,ModelName,220,372
2305,ModelName,ink,372
2306,Category,cartridges,372
2307,Brand,epson,373
2308,ModelName,410,373
2309,O,ink,373
2310,Category,cartridge,373
2311,Brand,equator,374
2312,Category,washer,374
2313,Category,ergonomic,374
2314,Category,keyboard,374
2315,Brand,escort,375
2316,Category,radar,375
2317,Category,detector,375
2318,Category,essential,375
2319,Category,oils,375
2320,Brand,ellia,376
2321,Brand,essential,377
2322,Category,phone,377
2323,Category,case,377
2324,Category,ethernet,377
2325,Category,cable,377
2326,O,ethernet,377
2327,Category,cable,377
2328,O,coupler,377
2329,Category,ethernet,377
2330,Category,splitter,377
